_class,_id,content,createdAt,receiver_id,sender_id
fr.univartois.butinfo.sae5.the_social_media.entity.PrivateMessage,104b525775d4c48a644ab31deb23d693,Itaque aut praesentium sed aut quaerat.,2024-10-11 17:38:02.573000,ea433137f9d01dbbec7a4293d80710aa,ab42a32d356ccd3dff84b1dabd3ba9a6
fr.univartois.butinfo.sae5.the_social_media.entity.PrivateMessage,12472501ffdd17c4bc4fcf9bee2a6e93,Et dolorum consequatur maiores fugit vel est.,2024-10-24 16:37:51.627000,e240970cfcea1ec8c47eaa44f56791b9,fd476733004cc044ea0a195c39e793a7
fr.univartois.butinfo.sae5.the_social_media.entity.PrivateMessage,b84b5db3e7c604bb920dd7ef74a7e389,Hic nihil est totam in.,2024-10-30 23:33:37.614000,ab42a32d356ccd3dff84b1dabd3ba9a6,ff4460b4fe33661d1a421b34a0021a95
fr.univartois.butinfo.sae5.the_social_media.entity.PrivateMessage,6e48bc0148873fe6584a2b8d4724228f,Labore tempora excepturi.,2024-10-11 13:47:24.486000,ab42a32d356ccd3dff84b1dabd3ba9a6,e240970cfcea1ec8c47eaa44f56791b9
fr.univartois.butinfo.sae5.the_social_media.entity.PrivateMessage,2843c13e132777c498ff3303fa757fa5,Porro beatae aspernatur alias dolore.,2024-10-11 15:41:10.537000,ab42a32d356ccd3dff84b1dabd3ba9a6,fd476733004cc044ea0a195c39e793a7
fr.univartois.butinfo.sae5.the_social_media.entity.PrivateMessage,374b79219410a825ea8731f197e707bb,Ratione saepe magni.,2024-10-13 20:56:25.469000,ab42a32d356ccd3dff84b1dabd3ba9a6,af40ab498cffc6ba7e91ef8e60e065b3
fr.univartois.butinfo.sae5.the_social_media.entity.PrivateMessage,96499b821da2fb2a2a179f25e7c0ae84,Delectus sit odit quia omnis.,2024-10-27 06:53:53.508000,fd476733004cc044ea0a195c39e793a7,7741b1c1c4d10227c9dfb610f52805bf
fr.univartois.butinfo.sae5.the_social_media.entity.PrivateMessage,204935d257e624bf217eba0dbc6596b9,Eveniet provident eius vero quod.,2024-11-06 05:27:08.328000,644d2bbea632396092a04d8d82440e89,ea433137f9d01dbbec7a4293d80710aa
fr.univartois.butinfo.sae5.the_social_media.entity.PrivateMessage,f043d163399c610eb3f7805483e09786,Id sunt magnam quibusdam aut in quisquam.,2024-10-16 16:51:48.737000,ff4460b4fe33661d1a421b34a0021a95,4040e69b50f75a7a224664f628e8699a
fr.univartois.butinfo.sae5.the_social_media.entity.PrivateMessage,af4ca4d0197dcbea176dec338651a0b7,Quo omnis quae dolor.,2024-10-20 11:31:46.980000,af40ab498cffc6ba7e91ef8e60e065b3,704ddcc3c03e008626787f829e05a5ab
fr.univartois.butinfo.sae5.the_social_media.entity.PrivateMessage,024d8b032739cafd296bd4af54ab7abd,Expedita esse eaque rerum nam.,2024-10-30 10:36:40.408000,fd476733004cc044ea0a195c39e793a7,ea433137f9d01dbbec7a4293d80710aa
fr.univartois.butinfo.sae5.the_social_media.entity.PrivateMessage,8c47a9f9523cff0a72039c076cc18eb1,Voluptas qui et dolor odio delectus et.,2024-10-31 22:54:37.629000,e240970cfcea1ec8c47eaa44f56791b9,fd476733004cc044ea0a195c39e793a7
fr.univartois.butinfo.sae5.the_social_media.entity.PrivateMessage,b84529c3b074dd1a4bb991da6edc868f,Nisi voluptatem exercitationem facere.,2024-10-14 08:45:38,4040e69b50f75a7a224664f628e8699a,704ddcc3c03e008626787f829e05a5ab
fr.univartois.butinfo.sae5.the_social_media.entity.PrivateMessage,8f40f1c2d4798b663faab2466e52bc90,Nostrum modi sapiente ducimus aspernatur.,2024-10-18 07:32:47.230000,e240970cfcea1ec8c47eaa44f56791b9,7741b1c1c4d10227c9dfb610f52805bf
fr.univartois.butinfo.sae5.the_social_media.entity.PrivateMessage,344df99340f9c0df9707a36081ee6192,Autem et mollitia.,2024-10-16 21:45:27.858000,fd476733004cc044ea0a195c39e793a7,ab42a32d356ccd3dff84b1dabd3ba9a6
fr.univartois.butinfo.sae5.the_social_media.entity.PrivateMessage,a34de5ae69e3d9f48bba4e646df30291,Neque autem dolor exercitationem perspiciatis qui adipisci aut.,2024-11-03 06:55:48.157000,1f4baaca6a22a8e43e0395e0f8a2e483,8c44e61ad79ad57e5ff04452561eb4b8
fr.univartois.butinfo.sae5.the_social_media.entity.PrivateMessage,814e5a84d9ccf576d151be294b6aa2a2,Molestiae quia qui.,2024-10-09 17:03:46.435000,8c44e61ad79ad57e5ff04452561eb4b8,1f4baaca6a22a8e43e0395e0f8a2e483
fr.univartois.butinfo.sae5.the_social_media.entity.PrivateMessage,ed453a322d26ade11e202f771e02cdbc,Similique autem amet velit.,2024-10-09 16:58:00.574000,1f4baaca6a22a8e43e0395e0f8a2e483,8c44e61ad79ad57e5ff04452561eb4b8
fr.univartois.butinfo.sae5.the_social_media.entity.PrivateMessage,36459b048f6a3ace203295fecff68ab5,A error hic consequatur at necessitatibus asperiores.,2024-10-22 15:24:52.693000,1f4baaca6a22a8e43e0395e0f8a2e483,8c44e61ad79ad57e5ff04452561eb4b8
fr.univartois.butinfo.sae5.the_social_media.entity.PrivateMessage,7c4d6101178023e88cf58d02e6c584ae,Odit sit aut saepe quam eos officiis laboriosam.,2024-10-22 04:15:27.104000,1f4baaca6a22a8e43e0395e0f8a2e483,8c44e61ad79ad57e5ff04452561eb4b8
fr.univartois.butinfo.sae5.the_social_media.entity.PrivateMessage,804170a291fd8bb37fc9a9b493067b90,Odio magnam ut ipsum.,2024-10-18 22:45:50.050000,1f4baaca6a22a8e43e0395e0f8a2e483,8c44e61ad79ad57e5ff04452561eb4b8
fr.univartois.butinfo.sae5.the_social_media.entity.PrivateMessage,d24fc213424270afe4b1071ed7a62f83,Quis eum natus ducimus et earum.,2024-10-23 09:54:17.146000,1f4baaca6a22a8e43e0395e0f8a2e483,8c44e61ad79ad57e5ff04452561eb4b8
fr.univartois.butinfo.sae5.the_social_media.entity.PrivateMessage,494e3e4d571d4af42b5c94da8c58ce99,Molestiae consequatur earum aspernatur ducimus.,2024-10-23 19:34:00.095000,8c44e61ad79ad57e5ff04452561eb4b8,1f4baaca6a22a8e43e0395e0f8a2e483
fr.univartois.butinfo.sae5.the_social_media.entity.PrivateMessage,60456315c72c6478954ce1691ba8f18a,Quas asperiores animi.,2024-10-24 18:04:46.308000,8c44e61ad79ad57e5ff04452561eb4b8,1f4baaca6a22a8e43e0395e0f8a2e483
fr.univartois.butinfo.sae5.the_social_media.entity.PrivateMessage,e54b11347b49eb4066afc7a981794f85,Sed dicta error rerum inventore ipsam maxime aut.,2024-10-10 12:24:18.849000,1f4baaca6a22a8e43e0395e0f8a2e483,8c44e61ad79ad57e5ff04452561eb4b8
fr.univartois.butinfo.sae5.the_social_media.entity.PrivateMessage,f8440cd29de1acbe3c3939813484e0a5,Eligendi illum et atque autem eveniet voluptatem et.,2024-10-20 23:14:37.227000,8c44e61ad79ad57e5ff04452561eb4b8,1f4baaca6a22a8e43e0395e0f8a2e483
fr.univartois.butinfo.sae5.the_social_media.entity.PrivateMessage,3340883ec0a2a61d7ebf44c0cb2f6b83,Doloribus nihil dicta omnis nemo.,2024-10-12 07:46:13.670000,1f4baaca6a22a8e43e0395e0f8a2e483,8c44e61ad79ad57e5ff04452561eb4b8
fr.univartois.butinfo.sae5.the_social_media.entity.PrivateMessage,ab4b12d1932d84573eaad93227d7ddba,Et voluptas minus provident non.,2024-10-12 18:48:05.190000,1f4baaca6a22a8e43e0395e0f8a2e483,8c44e61ad79ad57e5ff04452561eb4b8
fr.univartois.butinfo.sae5.the_social_media.entity.PrivateMessage,f24ba507186187c2550ddd1bdc6cc4ae,Quis voluptatem ullam architecto.,2024-10-12 01:32:31.610000,8c44e61ad79ad57e5ff04452561eb4b8,1f4baaca6a22a8e43e0395e0f8a2e483
fr.univartois.butinfo.sae5.the_social_media.entity.PrivateMessage,e949a25b2189aa883857288a7c5479ac,Repellendus impedit error nihil.,2024-10-11 02:58:12.892000,8c44e61ad79ad57e5ff04452561eb4b8,1f4baaca6a22a8e43e0395e0f8a2e483
fr.univartois.butinfo.sae5.the_social_media.entity.PrivateMessage,e94e37806ebe2f73af57f30742bbaa9a,Qui est quos.,2024-11-06 06:10:32.273000,12465c030d6c5d7bcf96f0e8d8568786,b345f575a1e6fd8f709262a8136fcb87
fr.univartois.butinfo.sae5.the_social_media.entity.PrivateMessage,3444765e17c3fe6eb9a1a3f75b04e0a6,Soluta iste hic.,2024-10-12 21:59:25.934000,12465c030d6c5d7bcf96f0e8d8568786,b345f575a1e6fd8f709262a8136fcb87
fr.univartois.butinfo.sae5.the_social_media.entity.PrivateMessage,e74f5645bc61989cfd8f4ce464e9d1ba,Doloremque quisquam harum quam occaecati ut ea.,2024-10-16 21:19:06.832000,b345f575a1e6fd8f709262a8136fcb87,12465c030d6c5d7bcf96f0e8d8568786
fr.univartois.butinfo.sae5.the_social_media.entity.PrivateMessage,1741045cbae92a67e0af8a8aff88cab7,Aperiam qui aut numquam quia dolorem officiis in.,2024-10-23 05:02:28.721000,12465c030d6c5d7bcf96f0e8d8568786,b345f575a1e6fd8f709262a8136fcb87
fr.univartois.butinfo.sae5.the_social_media.entity.PrivateMessage,fd483523ab124e77ca1fe957e165f3a0,Unde officiis expedita et rerum ipsa recusandae consequuntur.,2024-10-19 20:08:29.431000,12465c030d6c5d7bcf96f0e8d8568786,b345f575a1e6fd8f709262a8136fcb87
fr.univartois.butinfo.sae5.the_social_media.entity.PrivateMessage,794850bbe2e0716c3a1d991864034d89,Explicabo libero minus ut quos sit.,2024-10-14 06:44:33.921000,12465c030d6c5d7bcf96f0e8d8568786,b345f575a1e6fd8f709262a8136fcb87
fr.univartois.butinfo.sae5.the_social_media.entity.PrivateMessage,744434ea0a3edd6a651ef4d6c6758a81,Mollitia veniam quia.,2024-10-24 09:17:53.003000,b345f575a1e6fd8f709262a8136fcb87,12465c030d6c5d7bcf96f0e8d8568786
fr.univartois.butinfo.sae5.the_social_media.entity.PrivateMessage,f94bddea5ccfcd0e9c885e5121d4ffa3,Ipsa expedita enim culpa.,2024-10-23 12:42:48.564000,b345f575a1e6fd8f709262a8136fcb87,12465c030d6c5d7bcf96f0e8d8568786
fr.univartois.butinfo.sae5.the_social_media.entity.PrivateMessage,884dde9bc14ecb851bd2fce68e0e9bb4,Tempora assumenda et.,2024-10-31 08:36:03.157000,12465c030d6c5d7bcf96f0e8d8568786,b345f575a1e6fd8f709262a8136fcb87
fr.univartois.butinfo.sae5.the_social_media.entity.PrivateMessage,1e4cda2ccc270a029e61776b4b89329a,Aut quibusdam facere qui assumenda.,2024-10-20 11:22:42.388000,12465c030d6c5d7bcf96f0e8d8568786,b345f575a1e6fd8f709262a8136fcb87
fr.univartois.butinfo.sae5.the_social_media.entity.PrivateMessage,a64aa8bf4651a221a2e9efe8b6ed52ad,Adipisci harum sit veritatis est.,2024-10-21 06:57:04.944000,12465c030d6c5d7bcf96f0e8d8568786,b345f575a1e6fd8f709262a8136fcb87
fr.univartois.butinfo.sae5.the_social_media.entity.PrivateMessage,b24bd3bcf2daec618ddf2a2bf68daf8f,Voluptas eius hic aliquam et.,2024-10-29 02:06:23.991000,b345f575a1e6fd8f709262a8136fcb87,12465c030d6c5d7bcf96f0e8d8568786
fr.univartois.butinfo.sae5.the_social_media.entity.PrivateMessage,e64ff9dbcd73f69ac56894e5ded4ec8d,Dolores voluptatum quod officia perspiciatis sint tempore.,2024-11-01 21:41:11.867000,b345f575a1e6fd8f709262a8136fcb87,12465c030d6c5d7bcf96f0e8d8568786
fr.univartois.butinfo.sae5.the_social_media.entity.PrivateMessage,d14481d9b9ed2c1ef91e3b333b2656ae,Aliquid dolorem eos.,2024-11-07 21:34:15.539000,b345f575a1e6fd8f709262a8136fcb87,12465c030d6c5d7bcf96f0e8d8568786
fr.univartois.butinfo.sae5.the_social_media.entity.PrivateMessage,e74e0b0088afa9a8cb899b9ef5561fab,Qui porro aliquam atque repudiandae.,2024-10-30 17:15:33.869000,12465c030d6c5d7bcf96f0e8d8568786,b345f575a1e6fd8f709262a8136fcb87
